{
  "" : {
    "transaction" : "",
    "sampleCount" : 20,
    "errorCount" : 0,
    "errorPct" : 0.0,
    "meanResTime" : 3753.95,
    "medianResTime" : 3.0,
    "minResTime" : 2.0,
    "maxResTime" : 25015.0,
    "pct1ResTime" : 25008.9,
    "pct2ResTime" : 25014.7,
    "pct3ResTime" : 25015.0,
    "throughput" : 0.10950563680265442,
    "receivedKBytesPerSec" : 0.04450270581584437,
    "sentKBytesPerSec" : 0.06138304250461292
  },
  "/sockjs-node/418/siy2oweq/xhr?t=1655001057031-494" : {
    "transaction" : "/sockjs-node/418/siy2oweq/xhr?t=1655001057031-494",
    "sampleCount" : 20,
    "errorCount" : 0,
    "errorPct" : 0.0,
    "meanResTime" : 2502.0,
    "medianResTime" : 1.0,
    "minResTime" : 0.0,
    "maxResTime" : 25012.0,
    "pct1ResTime" : 22506.70000000005,
    "pct2ResTime" : 25011.75,
    "pct3ResTime" : 25012.0,
    "throughput" : 0.15078862450616726,
    "receivedKBytesPerSec" : 0.06127996688304835,
    "sentKBytesPerSec" : 0.08452409225248048
  },
  "/assets/img/title1.21c3c425.png-482" : {
    "transaction" : "/assets/img/title1.21c3c425.png-482",
    "sampleCount" : 20,
    "errorCount" : 0,
    "errorPct" : 0.0,
    "meanResTime" : 1.6999999999999997,
    "medianResTime" : 2.0,
    "minResTime" : 1.0,
    "maxResTime" : 4.0,
    "pct1ResTime" : 2.900000000000002,
    "pct2ResTime" : 3.9499999999999993,
    "pct3ResTime" : 4.0,
    "throughput" : 0.17599281949296466,
    "receivedKBytesPerSec" : 9.4936439093285,
    "sentKBytesPerSec" : 0.08438718200297428
  },
  "/__webpack_dev_server__/sockjs.bundle.js-490" : {
    "transaction" : "/__webpack_dev_server__/sockjs.bundle.js-490",
    "sampleCount" : 20,
    "errorCount" : 0,
    "errorPct" : 0.0,
    "meanResTime" : 1.7499999999999996,
    "medianResTime" : 1.5,
    "minResTime" : 1.0,
    "maxResTime" : 5.0,
    "pct1ResTime" : 3.8000000000000043,
    "pct2ResTime" : 4.949999999999999,
    "pct3ResTime" : 5.0,
    "throughput" : 0.17600056320180224,
    "receivedKBytesPerSec" : 9.352092426695766,
    "sentKBytesPerSec" : 0.08043775740082369
  },
  "/assets/img/img2.f6a2fee2.jpeg-503" : {
    "transaction" : "/assets/img/img2.f6a2fee2.jpeg-503",
    "sampleCount" : 20,
    "errorCount" : 0,
    "errorPct" : 0.0,
    "meanResTime" : 2.400000000000001,
    "medianResTime" : 2.0,
    "minResTime" : 1.0,
    "maxResTime" : 4.0,
    "pct1ResTime" : 4.0,
    "pct2ResTime" : 4.0,
    "pct3ResTime" : 4.0,
    "throughput" : 0.11318170757242214,
    "receivedKBytesPerSec" : 18.44309188373975,
    "sentKBytesPerSec" : 0.05415921553758482
  },
  "/assets/img/img4.ac8cc09a.jpeg-505" : {
    "transaction" : "/assets/img/img4.ac8cc09a.jpeg-505",
    "sampleCount" : 20,
    "errorCount" : 0,
    "errorPct" : 0.0,
    "meanResTime" : 3.2500000000000004,
    "medianResTime" : 3.0,
    "minResTime" : 1.0,
    "maxResTime" : 5.0,
    "pct1ResTime" : 4.900000000000002,
    "pct2ResTime" : 5.0,
    "pct3ResTime" : 5.0,
    "throughput" : 0.11318234808099328,
    "receivedKBytesPerSec" : 42.34423544616482,
    "sentKBytesPerSec" : 0.054159522030944054
  },
  "/__webpack_dev_server__/sockjs.bundle.js-493" : {
    "transaction" : "/__webpack_dev_server__/sockjs.bundle.js-493",
    "sampleCount" : 20,
    "errorCount" : 0,
    "errorPct" : 0.0,
    "meanResTime" : 1.35,
    "medianResTime" : 1.0,
    "minResTime" : 0.0,
    "maxResTime" : 4.0,
    "pct1ResTime" : 2.0,
    "pct2ResTime" : 3.8999999999999986,
    "pct3ResTime" : 4.0,
    "throughput" : 0.17600520975420872,
    "receivedKBytesPerSec" : 9.352339329244145,
    "sentKBytesPerSec" : 0.08043988102047821
  },
  "/sockjs-node/iframe.html-489" : {
    "transaction" : "/sockjs-node/iframe.html-489",
    "sampleCount" : 20,
    "errorCount" : 0,
    "errorPct" : 0.0,
    "meanResTime" : 1.2500000000000002,
    "medianResTime" : 1.0,
    "minResTime" : 0.0,
    "maxResTime" : 6.0,
    "pct1ResTime" : 4.700000000000006,
    "pct2ResTime" : 5.949999999999999,
    "pct3ResTime" : 6.0,
    "throughput" : 0.17600056320180224,
    "receivedKBytesPerSec" : 0.12650040480129537,
    "sentKBytesPerSec" : 0.1005471967510296
  },
  "/assets/img/title2.c2326998.png-499" : {
    "transaction" : "/assets/img/title2.c2326998.png-499",
    "sampleCount" : 20,
    "errorCount" : 0,
    "errorPct" : 0.0,
    "meanResTime" : 3.6,
    "medianResTime" : 3.5,
    "minResTime" : 2.0,
    "maxResTime" : 7.0,
    "pct1ResTime" : 5.800000000000004,
    "pct2ResTime" : 6.949999999999999,
    "pct3ResTime" : 7.0,
    "throughput" : 0.11317594332148759,
    "receivedKBytesPerSec" : 6.035571375823355,
    "sentKBytesPerSec" : 0.054266980635596096
  },
  "/sockjs-node/info-474" : {
    "transaction" : "/sockjs-node/info-474",
    "sampleCount" : 20,
    "errorCount" : 0,
    "errorPct" : 0.0,
    "meanResTime" : 7.050000000000001,
    "medianResTime" : 5.0,
    "minResTime" : 3.0,
    "maxResTime" : 49.0,
    "pct1ResTime" : 10.600000000000009,
    "pct2ResTime" : 47.09999999999997,
    "pct3ResTime" : 49.0,
    "throughput" : 0.17577472710973616,
    "receivedKBytesPerSec" : 0.06708277671336416,
    "sentKBytesPerSec" : 0.07604316807579406
  },
  "/assets/img/title1.21c3c425.png-500" : {
    "transaction" : "/assets/img/title1.21c3c425.png-500",
    "sampleCount" : 20,
    "errorCount" : 0,
    "errorPct" : 0.0,
    "meanResTime" : 1.8499999999999999,
    "medianResTime" : 2.0,
    "minResTime" : 1.0,
    "maxResTime" : 3.0,
    "pct1ResTime" : 2.900000000000002,
    "pct2ResTime" : 3.0,
    "pct3ResTime" : 3.0,
    "throughput" : 0.11317978609020429,
    "receivedKBytesPerSec" : 6.105297875049516,
    "sentKBytesPerSec" : 0.054268823213174125
  },
  "/sockjs-node/171/5t0rbpvh/eventsource-485" : {
    "transaction" : "/sockjs-node/171/5t0rbpvh/eventsource-485",
    "sampleCount" : 20,
    "errorCount" : 0,
    "errorPct" : 0.0,
    "meanResTime" : 1.1,
    "medianResTime" : 1.0,
    "minResTime" : 0.0,
    "maxResTime" : 3.0,
    "pct1ResTime" : 1.9000000000000021,
    "pct2ResTime" : 2.9499999999999993,
    "pct3ResTime" : 3.0,
    "throughput" : 0.17599901440551932,
    "receivedKBytesPerSec" : 0.07493708035235003,
    "sentKBytesPerSec" : 0.07923393128998478
  },
  "/sockjs-node/iframe.html-492" : {
    "transaction" : "/sockjs-node/iframe.html-492",
    "sampleCount" : 20,
    "errorCount" : 0,
    "errorPct" : 0.0,
    "meanResTime" : 0.6000000000000001,
    "medianResTime" : 1.0,
    "minResTime" : 0.0,
    "maxResTime" : 2.0,
    "pct1ResTime" : 1.0,
    "pct2ResTime" : 1.9499999999999993,
    "pct3ResTime" : 2.0,
    "throughput" : 0.17600520975420872,
    "receivedKBytesPerSec" : 0.1265037445108375,
    "sentKBytesPerSec" : 0.10054985127559776
  },
  "/sockjs-node/418/siy2oweq/xhr?t=1655001057083-495" : {
    "transaction" : "/sockjs-node/418/siy2oweq/xhr?t=1655001057083-495",
    "sampleCount" : 20,
    "errorCount" : 0,
    "errorPct" : 0.0,
    "meanResTime" : 2501.75,
    "medianResTime" : 1.0,
    "minResTime" : 0.0,
    "maxResTime" : 25014.0,
    "pct1ResTime" : 22503.900000000052,
    "pct2ResTime" : 25013.5,
    "pct3ResTime" : 25014.0,
    "throughput" : 0.12687215727072615,
    "receivedKBytesPerSec" : 0.0530781564206827,
    "sentKBytesPerSec" : 0.07111779128261407
  },
  "/sockjs-node/418/qa5mcfvf/htmlfile-491" : {
    "transaction" : "/sockjs-node/418/qa5mcfvf/htmlfile-491",
    "sampleCount" : 20,
    "errorCount" : 0,
    "errorPct" : 0.0,
    "meanResTime" : 1.2500000000000004,
    "medianResTime" : 1.0,
    "minResTime" : 0.0,
    "maxResTime" : 4.0,
    "pct1ResTime" : 2.900000000000002,
    "pct2ResTime" : 3.9499999999999993,
    "pct3ResTime" : 4.0,
    "throughput" : 0.1760021120253443,
    "receivedKBytesPerSec" : 0.2590187332247987,
    "sentKBytesPerSec" : 0.10467313107757292
  },
  "/-476" : {
    "transaction" : "/-476",
    "sampleCount" : 20,
    "errorCount" : 0,
    "errorPct" : 0.0,
    "meanResTime" : 2.3000000000000003,
    "medianResTime" : 2.0,
    "minResTime" : 1.0,
    "maxResTime" : 4.0,
    "pct1ResTime" : 3.0,