{
  "/sockjs-node/418/siy2oweq/xhr?t=1655001057031-494" : {
    "transaction" : "/sockjs-node/418/siy2oweq/xhr?t=1655001057031-494",
    "sampleCount" : 50,
    "errorCount" : 0,
    "errorPct" : 0.0,
    "meanResTime" : 0.7199999999999999,
    "medianResTime" : 1.0,
    "minResTime" : 0.0,
    "maxResTime" : 5.0,
    "pct1ResTime" : 1.0,
    "pct2ResTime" : 1.0,
    "pct3ResTime" : 5.0,
    "throughput" : 0.17020233653767597,
    "receivedKBytesPerSec" : 0.06365966298235343,
    "sentKBytesPerSec" : 0.0954063878638926
  },
  "/assets/img/title1.21c3c425.png-482" : {
    "transaction" : "/assets/img/title1.21c3c425.png-482",
    "sampleCount" : 50,
    "errorCount" : 0,
    "errorPct" : 0.0,
    "meanResTime" : 0.8599999999999999,
    "medianResTime" : 1.0,
    "minResTime" : 0.0,
    "maxResTime" : 2.0,
    "pct1ResTime" : 1.0,
    "pct2ResTime" : 2.0,
    "pct3ResTime" : 2.0,
    "throughput" : 0.17019654296781922,
    "receivedKBytesPerSec" : 9.180973281695701,
    "sentKBytesPerSec" : 0.08160791269257739
  },
  "/__webpack_dev_server__/sockjs.bundle.js-490" : {
    "transaction" : "/__webpack_dev_server__/sockjs.bundle.js-490",
    "sampleCount" : 50,
    "errorCount" : 0,
    "errorPct" : 0.0,
    "meanResTime" : 1.14,
    "medianResTime" : 1.0,
    "minResTime" : 0.0,
    "maxResTime" : 3.0,
    "pct1ResTime" : 2.0,
    "pct2ResTime" : 2.0,
    "pct3ResTime" : 3.0,
    "throughput" : 0.1701994397034445,
    "receivedKBytesPerSec" : 9.043839758929513,
    "sentKBytesPerSec" : 0.07778646267696486
  },
  "/assets/img/img2.f6a2fee2.jpeg-503" : {
    "transaction" : "/assets/img/img2.f6a2fee2.jpeg-503",
    "sampleCount" : 50,
    "errorCount" : 0,
    "errorPct" : 0.0,
    "meanResTime" : 0.8799999999999999,
    "medianResTime" : 1.0,
    "minResTime" : 0.0,
    "maxResTime" : 2.0,
    "pct1ResTime" : 1.0,
    "pct2ResTime" : 1.0,
    "pct3ResTime" : 2.0,
    "throughput" : 0.17020928934217514,
    "receivedKBytesPerSec" : 27.73580316231839,
    "sentKBytesPerSec" : 0.08144780447037678
  },
  "/assets/img/img4.ac8cc09a.jpeg-505" : {
    "transaction" : "/assets/img/img4.ac8cc09a.jpeg-505",
    "sampleCount" : 50,
    "errorCount" : 0,
    "errorPct" : 0.0,
    "meanResTime" : 1.3200000000000003,
    "medianResTime" : 1.0,
    "minResTime" : 1.0,
    "maxResTime" : 2.0,
    "pct1ResTime" : 2.0,
    "pct2ResTime" : 2.0,
    "pct3ResTime" : 2.0,
    "throughput" : 0.17020986876819116,
    "receivedKBytesPerSec" : 63.679600932324554,
    "sentKBytesPerSec" : 0.08144808173477898
  },
  "/__webpack_dev_server__/sockjs.bundle.js-493" : {
    "transaction" : "/__webpack_dev_server__/sockjs.bundle.js-493",
    "sampleCount" : 50,
    "errorCount" : 0,
    "errorPct" : 0.0,
    "meanResTime" : 1.1200000000000008,
    "medianResTime" : 1.0,
    "minResTime" : 0.0,
    "maxResTime" : 2.0,
    "pct1ResTime" : 2.0,
    "pct2ResTime" : 2.0,
    "pct3ResTime" : 2.0,
    "throughput" : 0.17020175716294095,
    "receivedKBytesPerSec" : 9.043962901122992,
    "sentKBytesPerSec" : 0.07778752182837535
  },
  "/sockjs-node/iframe.html-489" : {
    "transaction" : "/sockjs-node/iframe.html-489",
    "sampleCount" : 50,
    "errorCount" : 0,
    "errorPct" : 0.0,
    "meanResTime" : 0.4600000000000001,
    "medianResTime" : 0.0,
    "minResTime" : 0.0,
    "maxResTime" : 2.0,
    "pct1ResTime" : 1.0,
    "pct2ResTime" : 1.0,
    "pct3ResTime" : 2.0,
    "throughput" : 0.1701994397034445,
    "receivedKBytesPerSec" : 0.12233084728685072,
    "sentKBytesPerSec" : 0.09723307834620608
  },
  "/assets/img/title2.c2326998.png-499" : {
    "transaction" : "/assets/img/title2.c2326998.png-499",
    "sampleCount" : 50,
    "errorCount" : 0,
    "errorPct" : 0.0,
    "meanResTime" : 1.4200000000000004,
    "medianResTime" : 1.0,
    "minResTime" : 1.0,
    "maxResTime" : 3.0,
    "pct1ResTime" : 2.0,
    "pct2ResTime" : 2.0,
    "pct3ResTime" : 3.0,
    "throughput" : 0.17020813050197783,
    "receivedKBytesPerSec" : 9.07704667830323,
    "sentKBytesPerSec" : 0.08161346882467882
  },
  "/sockjs-node/info-474" : {
    "transaction" : "/sockjs-node/info-474",
    "sampleCount" : 50,
    "errorCount" : 0,
    "errorPct" : 0.0,
    "meanResTime" : 1.6400000000000001,
    "medianResTime" : 1.0,
    "minResTime" : 1.0,
    "maxResTime" : 24.0,
    "pct1ResTime" : 2.0,
    "pct2ResTime" : 2.0,
    "pct3ResTime" : 24.0,
    "throughput" : 0.17012936637018788,
    "receivedKBytesPerSec" : 0.06491830919481173,
    "sentKBytesPerSec" : 0.07360088799022776
  },
  "/assets/img/title1.21c3c425.png-500" : {
    "transaction" : "/assets/img/title1.21c3c425.png-500",
    "sampleCount" : 50,
    "errorCount" : 0,
    "errorPct" : 0.0,
    "meanResTime" : 0.7599999999999999,
    "medianResTime" : 1.0,
    "minResTime" : 0.0,
    "maxResTime" : 3.0,
    "pct1ResTime" : 1.0,
    "pct2ResTime" : 2.0,
    "pct3ResTime" : 3.0,
    "throughput" : 0.17020813050197783,
    "receivedKBytesPerSec" : 9.181598352215088,
    "sentKBytesPerSec" : 0.08161346882467882
  },
  "/sockjs-node/171/5t0rbpvh/eventsource-485" : {
    "transaction" : "/sockjs-node/171/5t0rbpvh/eventsource-485",
    "sampleCount" : 50,
    "errorCount" : 0,
    "errorPct" : 0.0,
    "meanResTime" : 0.5399999999999999,
    "medianResTime" : 1.0,
    "minResTime" : 0.0,
    "maxResTime" : 1.0,
    "pct1ResTime" : 1.0,
    "pct2ResTime" : 1.0,
    "pct3ResTime" : 1.0,
    "throughput" : 0.17019828099736192,
    "receivedKBytesPerSec" : 0.07246723683090801,
    "sentKBytesPerSec" : 0.07662246830057017
  },
  "/sockjs-node/iframe.html-492" : {
    "transaction" : "/sockjs-node/iframe.html-492",
    "sampleCount" : 50,
    "errorCount" : 0,
    "errorPct" : 0.0,
    "meanResTime" : 0.5199999999999998,
    "medianResTime" : 1.0,
    "minResTime" : 0.0,
    "maxResTime" : 1.0,
    "pct1ResTime" : 1.0,
    "pct2ResTime" : 1.0,
    "pct3ResTime" : 1.0,
    "throughput" : 0.17020175716294095,
    "receivedKBytesPerSec" : 0.12233251296086381,
    "sentKBytesPerSec" : 0.09723440228546919
  },
  "/sockjs-node/418/siy2oweq/xhr?t=1655001057083-495" : {
    "transaction" : "/sockjs-node/418/siy2oweq/xhr?t=1655001057083-495",
    "sampleCount" : 50,
    "errorCount" : 0,
    "errorPct" : 0.0,
    "meanResTime" : 0.5599999999999999,
    "medianResTime" : 1.0,
    "minResTime" : 0.0,
    "maxResTime" : 2.0,
    "pct1ResTime" : 1.0,
    "pct2ResTime" : 1.0,
    "pct3ResTime" : 2.0,
    "throughput" : 0.17020523347051875,
    "receivedKBytesPerSec" : 0.10438367833934159,
    "sentKBytesPerSec" : 0.0954080117305447
  },
  "/sockjs-node/418/qa5mcfvf/htmlfile-491" : {
    "transaction" : "/sockjs-node/418/qa5mcfvf/htmlfile-491",
    "sampleCount" : 50,
    "errorCount" : 0,
    "errorPct" : 0.0,
    "meanResTime" : 0.5999999999999996,
    "medianResTime" : 1.0,
    "minResTime" : 0.0,
    "maxResTime" : 2.0,
    "pct1ResTime" : 1.0,
    "pct2ResTime" : 1.4499999999999957,
    "pct3ResTime" : 2.0,
    "throughput" : 0.17020001906240215,
    "receivedKBytesPerSec" : 0.25047991086625004,
    "sentKBytesPerSec" : 0.1012224722744169
  },
  "/-476" : {
    "transaction" : "/-476",
    "sampleCount" : 50,
    "errorCount" : 0,
    "errorPct" : 0.0,
    "meanResTime" : 0.82,
    "medianResTime" : 1.0,
    "minResTime" : 0.0,
    "maxResTime" : 2.0,
    "pct1ResTime" : 1.0,
    "pct2ResTime" : 1.0,
    "pct3ResTime" : 2.0,
    "throughput" : 0.17014268165283405,
    "receivedKBytesPerSec" : 0.20221058942529208,
    "sentKBytesPerSec" : 0.0864005805268298
  },
  "访问登陆界面" : {
    "transaction" : "访问登陆界面",
    "sampleCount" : 50,
    "errorCount" : 0,
    "errorPct" : 0.0,
    "meanResTime" : 88.22000000000001,
    "medianResTime" : 79.0,
    "minResTime" : 60.0,
    "maxResTime" : 196.0,
    "pct1ResTime" : 126.29999999999998,
    "pct2ResTime" : 164.7999999999998,
    "pct3ResTime" : 196.0,
    "throughput" : 0.17005645874430309,
    "receivedKBytesPerSec" : 3780.482311338302,
    "sentKBytesPerSec" : 1.567541908288552
  },